CODE,EVENT.PASS,SINGLE.CAM,MOVEMENT,CAM.FUNCT,DUAL.PRESENCE,SINGLE.RECORDED,WET.DRY,TEMPERATURE,DATE,TIME,D.COUNT,S.COUNT,D.AD.COUNT,S.AD.COUNT,D.SEX,D.AD.SEX,S.AD.SEX,D.SPRAINT,S.SPRAINT,D.VOCAL,S.VOCAL,D.BEDDING,S.BEDDING,D.PLAY,S.PLAY,D.LOAF,S.LOAF,D.GROOMROLL,S.GROOMROLL,D.BEH.COUNT,S.BEH.COUNT
F1.171,1,CLOSE,IN,y,1,1,U,5,04/05/2012,03:57,1,1,1,1,M,M,U,1,1,0,0,0,0,0,0,0,0,0,0,1,1
F1.171,1,ROSE,IN,y,1,1,U,5,04/05/2012,03:57,1,1,1,1,M,M,M,1,1,0,0,0,0,0,0,0,0,0,0,1,1
F1.742,2,ROSE,OUT,y,1,1,D,3,15/12/2012,17:36,3,3,1,1,F,F,F,0,0,0,0,0,0,0,0,0,0,0,0,0,0
F1.742,2,CLOSE,OUT,y,1,1,D,3,15/12/2012,17:36,3,3,1,1,F,F,F,0,0,0,0,0,0,0,0,0,0,0,0,0,0
F1.217,3,ROSE,TU,TU,1,0,U,6,16/03/2012,02:06,1,0,1,0,U,U,NA,0,0,0,0,0,0,0,0,0,0,0,0,0,0
F1.217,3,CLOSE,OUT,y,1,1,W,6,16/03/2012,02:06,1,1,1,1,U,U,U,0,0,0,0,0,0,0,0,0,0,0,0,0,0
F1.831,4,ROSE,IN,y,1,1,U,-7,25/03/2011,05:23,1,1,1,1,U,U,U,0,0,0,0,0,0,0,0,0,0,0,0,0,0
F1.831,4,CLOSE,TU,TU,1,0,U,-7,25/03/2011,05:23,1,0,1,0,U,U,NA,0,0,0,0,0,0,0,0,0,0,0,0,0,0
F1.102,5,ROSE,OUT,y,1,1,D,6,12/04/2014,19:25,3,1,1,1,F,F,U,1,0,0,0,0,0,0,0,0,0,0,0,1,0
F1.102,5,CLOSE,OUT,y,1,1,D,6,12/04/2014,19:25,3,3,1,1,F,F,F,1,1,0,0,0,0,0,0,0,0,0,0,1,1
F1.799,6,ROSE,IN,y,1,1,U,10,06/04/2011,00:32,3,3,1,1,F,F,F,1,1,0,0,0,0,0,0,0,0,0,0,1,1
F1.799,6,CLOSE,IN,y,1,1,U,10,06/04/2011,00:32,3,3,1,1,F,F,F,1,1,0,0,0,0,0,0,0,0,0,0,1,1
F1.818,7,ROSE,IN,y,1,1,U,5,14/04/2011,23:35,1,1,1,1,U,U,U,0,0,1,1,0,0,0,0,0,0,0,0,1,1
F1.818,7,CLOSE,TU,TU,1,0,U,5,14/04/2011,23:35,1,0,1,0,U,U,U,0,0,1,0,0,0,0,0,0,0,0,0,1,0
F1.265,8,ROSE,IN,y,1,1,U,1,21/02/2014,04:40,1,1,1,1,U,U,U,0,0,0,0,0,0,0,0,0,0,0,0,0,0
F1.265,8,CLOSE,IN,y,1,1,W,1,21/02/2014,04:40,1,1,1,1,U,U,U,0,0,0,0,0,0,0,0,0,0,0,0,0,0
F1.766,9,ROSE,OUT,y,1,1,U,12,03/05/2011,19:50,3,3,1,1,F,F,F,0,0,1,1,0,0,0,0,0,0,0,0,1,1
F1.766,9,CLOSE,OUT,y,1,1,D,12,03/05/2011,19:50,3,3,1,1,F,F,F,0,0,1,0,0,0,0,0,0,0,0,0,1,0
F1.125,10,ROSE,IN,y,1,1,U,3,02/02/2014,18:29,1,1,1,1,U,U,U,0,0,0,0,0,0,0,0,0,0,0,0,0,0
F1.125,10,CLOSE,IN,y,1,1,U,3,02/02/2014,18:29,1,1,1,1,U,U,U,0,0,0,0,0,0,0,0,0,0,0,0,0,0
F1.85,11,ROSE,IN,y,1,1,W,5,25/04/2014,04:20,2,2,NA,NA,U,U,U,1,1,0,0,0,0,0,0,0,0,0,0,1,1
F1.85,11,CLOSE,IN,y,1,1,U,5,25/04/2014,04:20,2,2,NA,NA,U,U,U,1,1,0,0,0,0,0,0,0,0,0,0,1,1
F1.150,12,ROSE,TU,TU,1,0,U,1,17/01/2014,03:32,1,0,1,0,U,U,U,0,0,0,0,0,0,0,0,0,0,0,0,0,0
F1.150,12,CLOSE,OUT,y,1,1,U,1,17/01/2014,03:32,1,1,1,1,U,U,U,0,0,0,0,0,0,0,0,0,0,0,0,0,0
F1.1699,13,ROSE,IN,y,1,1,U,0,12/02/2015,06:10,1,1,1,1,U,U,U,1,1,0,0,0,0,0,0,0,0,0,0,1,1
F1.1699,13,CLOSE,IN,y,1,1,U,0,12/02/2015,06:10,1,1,1,1,U,U,U,1,0,0,0,0,0,0,0,0,0,0,0,1,0
F1.653,14,ROSE,OUT,y,1,1,U,9,17/06/2012,20:26,2,1,1,1,F,F,U,1,0,0,0,0,0,0,0,0,0,0,0,1,0
F1.653,14,CLOSE,OUT,y,1,1,D,9,17/06/2012,20:26,2,2,1,1,F,F,F,1,1,0,0,0,0,0,0,0,0,0,0,1,1
F1.583,15,ROSE,IN.OUT,y,1,1,U,5,27/02/2012,03:06,1,1,1,1,U,U,U,0,0,1,0,0,0,0,0,0,0,0,0,1,0
F1.583,15,CLOSE,IN.OUT,y,1,1,U,5,27/02/2012,03:06,1,1,1,1,U,U,U,0,0,1,1,0,0,0,0,0,0,0,0,1,1
F1.768,16,CLOSE,IN,y,1,1,W,5,10/05/2011,06:34,3,3,1,1,F,F,F,0,0,0,0,0,0,0,0,0,0,0,0,0,0
F1.768,16,ROSE,IN,y,1,1,W,5,10/05/2011,06:34,3,3,1,1,F,F,F,0,0,0,0,0,0,0,0,0,0,0,0,0,0
F1.476,17,CLOSE,IN,y,1,1,W,0,22/01/2013,20:34,1,1,1,1,U,U,U,0,0,0,0,0,0,0,0,0,0,0,0,0,0
F1.476,17,ROSE,IN,y,1,1,U,0,22/01/2013,20:34,1,1,1,1,U,U,U,0,0,0,0,0,0,0,0,0,0,0,0,0,0
F1.583,18,CLOSE,IN.OUT,y,1,1,U,5,27/02/2012,03:06,1,1,1,1,U,U,U,0,0,0,0,0,0,0,0,0,0,0,0,0,0
F1.583,18,ROSE,IN.OUT,y,1,1,U,5,27/02/2012,03:06,1,1,1,1,U,U,U,0,0,0,0,0,0,0,0,0,0,0,0,0,0
F1.1787,19,CLOSE,BEDDING,y,1,1,D,0,30/03/2015,00:35,1,1,1,1,U,U,U,0,0,0,0,1,1,0,0,0,0,0,0,1,1
F1.1787,19,ROSE,OUT,y,1,1,U,0,30/03/2015,00:35,1,1,1,1,U,U,U,0,0,0,0,1,0,0,0,0,0,0,0,1,0
F1.873,20,CLOSE,IN,y,1,1,U,4,24/02/2011,04:24,1,1,1,1,U,U,U,0,0,0,0,0,0,0,0,0,0,0,0,0,0
F1.873,20,ROSE,IN,y,1,1,U,4,24/02/2011,04:24,1,1,1,1,U,U,U,0,0,0,0,0,0,0,0,0,0,0,0,0,0
F1.765,21,CLOSE,IN,y,1,1,W,-3,03/05/2011,05:21,3,3,1,1,F,F,F,0,0,0,0,0,0,0,0,0,0,0,0,0,0
F1.765,21,ROSE,IN,y,1,1,U,-3,03/05/2011,05:21,3,2,1,1,F,F,U,0,0,0,0,0,0,0,0,0,0,0,0,0,0
F1.6,22,CLOSE,IN,y,1,1,U,-3,26/03/2014,04:25,1,1,1,1,U,U,U,0,0,0,0,0,0,0,0,0,0,0,0,0,0
F1.6,22,ROSE,IN,y,1,1,U,-3,26/03/2014,04:25,1,1,1,1,U,U,U,0,0,0,0,0,0,0,0,0,0,0,0,0,0
F1.147,23,CLOSE,TU,TU,1,0,U,-2,14/01/2014,00:50,1,0,1,0,U,U,U,0,0,0,0,0,0,0,0,0,0,0,0,0,0
F1.147,23,ROSE,OUT,y,1,1,D,-2,14/01/2014,00:50,1,1,1,1,U,U,U,0,0,0,0,0,0,0,0,0,0,0,0,0,0
F1.494,24,CLOSE,OUT,y,1,1,D,0,02/02/2013,14:42,3,3,1,1,F,F,F,1,1,1,1,0,0,0,0,0,0,0,0,2,2
F1.494,24,ROSE,OUT,y,1,1,D,0,02/02/2013,14:42,3,3,1,1,F,F,F,1,0,0,0,0,0,0,0,0,0,0,0,1,0
F1.119,25,CLOSE,IN,y,1,1,U,1,25/01/2014,23:44,1,1,1,1,M,M,M,0,0,0,0,0,0,0,0,0,0,0,0,0,0
F1.119,25,ROSE,IN,y,1,1,U,1,25/01/2014,23:44,1,1,1,1,M,M,M,0,0,0,0,0,0,0,0,0,0,0,0,0,0
F1.74,26,CLOSE,OUT,y,1,1,U,10,13/05/2014,19:11,1,1,1,1,U,U,U,0,0,0,0,0,0,0,0,0,0,0,0,0,0
F1.74,26,ROSE,TU,TU,1,0,U,10,13/05/2014,19:11,1,0,1,0,U,U,U,0,0,0,0,0,0,0,0,0,0,0,0,0,0
F1.475,27,CLOSE,IN,y,1,1,W,0,22/01/2013,17:48,1,1,1,1,U,U,U,0,0,1,1,0,0,0,0,0,0,0,0,1,1
F1.475,27,ROSE,IN,y,1,1,W,0,22/01/2013,17:48,1,1,1,1,U,U,U,0,0,1,1,0,0,0,0,0,0,0,0,1,1
F1.194,28,CLOSE,IN,y,1,1,W,-2,01/03/2014,08:10,1,1,1,1,U,U,U,1,1,0,0,0,0,0,0,0,0,0,0,1,1
F1.194,28,ROSE,IN,y,1,1,W,-2,01/03/2014,08:10,1,1,1,1,U,U,U,1,1,0,0,0,0,0,0,0,0,0,0,1,1
F1.297,29,CLOSE,OUT,y,1,1,U,12,13/08/2014,21:28,1,1,1,1,U,U,U,0,0,0,0,0,0,0,0,0,0,0,0,0,0
F1.297,29,ROSE,IN.OUT,y,1,1,U,12,13/08/2014,21:28,1,1,1,1,U,U,U,0,0,0,0,0,0,0,0,0,0,0,0,0,0
F1.1854,30,CLOSE,IN,y,1,1,W,0,08/05/2015,05:14,1,1,1,1,U,U,U,0,0,1,1,0,0,0,0,0,0,0,0,1,1
F1.1854,30,ROSE,TU,TU,1,0,U,0,08/05/2015,05:14,1,0,1,0,U,U,U,0,0,1,0,0,0,0,0,0,0,0,0,1,0
F1.433,31,CLOSE,OUT,y,1,1,W,5,20/04/2013,21:29,1,1,1,1,U,U,U,0,0,0,0,0,0,0,0,0,0,0,0,0,0
F1.433,31,ROSE,TU,TU,1,0,U,5,20/04/2013,21:29,1,0,1,0,U,U,U,0,0,0,0,0,0,0,0,0,0,0,0,0,0
F1.181,32,CLOSE,OUT,y,1,1,D,1,24/02/2014,21:32,1,1,1,1,U,U,U,0,0,0,0,0,0,0,0,0,0,0,0,0,0
F1.181,32,ROSE,TU,TU,1,0,U,1,24/02/2014,21:32,1,0,1,0,U,U,U,0,0,0,0,0,0,0,0,0,0,0,0,0,0
F1.9,33,CLOSE,OUT,y,1,1,D,4,26/03/2014,18:54,2,2,2,2,U,U,U,0,0,0,0,0,0,0,0,15,15,0,0,1,1
F1.9,33,ROSE,OUT,y,1,1,U,4,26/03/2014,18:54,2,1,1,1,U,U,U,0,0,0,0,0,0,0,0,15,0,0,0,1,0
F1.1611,34,CLOSE,OUT,y,1,1,D,0,31/03/2012,22:15,3,3,1,1,U,U,U,1,1,0,0,0,0,0,0,0,0,0,0,1,1
F1.1611,34,ROSE,OUT,y,1,1,U,0,31/03/2012,22:15,3,1,1,1,U,U,U,1,0,0,0,0,0,0,0,0,0,0,0,1,0
F1.344,35,CLOSE,OUT,y,1,1,W,8,14/12/2013,18:36,1,1,1,1,U,U,U,0,0,0,0,0,0,0,0,0,0,0,0,0,0
F1.344,35,ROSE,TU,TU,1,0,U,8,14/12/2013,18:36,1,0,1,0,U,U,U,0,0,0,0,0,0,0,0,0,0,0,0,0,0
F1.858,36,CLOSE,TU,TU,1,0,U,0,11/03/2011,20:45,1,0,1,0,U,U,U,0,0,0,0,0,0,0,0,0,0,0,0,0,0
F1.858,36,ROSE,IN,y,1,1,U,0,11/03/2011,20:45,1,1,1,1,U,U,U,0,0,0,0,0,0,0,0,0,0,0,0,0,0
F1.1829,37,CLOSE,IN,y,1,1,W,-2,27/04/2015,01:03,2,2,1,1,F,F,F,0,0,1,1,0,0,0,0,0,0,0,0,1,1
F1.1829,37,ROSE,IN,y,1,1,W,-2,27/04/2015,01:03,2,2,1,1,F,F,U,0,0,1,1,0,0,0,0,0,0,0,0,1,1
F1.824,38,CLOSE,OUT,y,1,1,W,1,22/03/2011,22:20,3,3,1,1,F,F,F,0,0,1,1,0,0,0,0,1,1,0,0,2,2
F1.824,38,ROSE,OUT,y,1,1,U,1,22/03/2011,22:20,3,3,1,1,F,F,F,0,0,1,0,0,0,0,0,1,0,0,0,2,0
F1.871,39,CLOSE,IN,y,1,1,U,3,23/02/2011,23:19,1,1,1,1,U,U,U,0,0,0,0,0,0,0,0,0,0,1,1,1,1
F1.871,39,ROSE,IN,y,1,1,U,3,23/02/2011,23:19,1,1,1,1,U,U,U,0,0,0,0,0,0,0,0,0,0,1,1,1,1
f1.158,40,CLOSE,IN,y,1,1,u,1,23/01/2014,06:56,1,1,1,1,U,U,U,1,0,0,0,0,0,0,0,0,0,0,0,1,0
f1.158,40,ROSE,IN,y,1,1,u,1,23/01/2014,06:56,1,1,1,1,U,U,U,1,1,0,0,0,0,0,0,0,0,0,0,1,1
F1.840,41,CLOSE,OUT,y,1,1,W,-3,08/03/2011,02:34,3,3,1,1,F,F,F,0,0,0,0,0,0,0,0,0,0,0,0,0,0
F1.840,41,ROSE,OUT,y,1,1,W,-3,08/03/2011,02:34,3,3,1,1,F,F,F,0,0,0,0,0,0,0,0,0,0,0,0,0,0
F1.1808,42,CLOSE,OUT,y,1,1,D,8,14/04/2015,19:26,1,1,1,1,U,U,U,0,0,0,0,0,0,0,0,0,0,0,0,0,0
F1.1808,42,ROSE,TU,TU,1,0,U,8,14/04/2015,19:26,1,0,1,0,U,U,U,0,0,0,0,0,0,0,0,0,0,0,0,0,0
F1.275,43,CLOSE,OUT,y,1,1,U,9,05/06/2014,02:30,2,2,NA,NA,U,U,U,1,1,0,0,0,0,0,0,0,0,0,0,1,1
F1.275,43,ROSE,OUT,y,1,1,U,9,05/06/2014,02:30,2,1,NA,1,U,U,U,1,1,0,0,0,0,0,0,0,0,0,0,1,1
F1.1842,44,CLOSE,IN,y,1,1,W,5,04/05/2015,08:53,1,1,1,1,U,U,U,0,0,0,0,0,0,0,0,0,0,0,0,0,0
F1.1842,44,ROSE,TU,TU,1,0,U,5,04/05/2015,08:53,1,0,1,0,U,U,U,0,0,0,0,0,0,0,0,0,0,0,0,0,0
F1.48,45,CLOSE,OUT,y,1,1,U,12,27/10/2014,21:37,1,1,1,1,U,U,U,0,0,0,0,0,0,0,0,0,0,0,0,0,0
F1.48,45,ROSE,TU,TU,1,0,U,12,27/10/2014,21:37,1,0,1,0,U,U,U,0,0,0,0,0,0,0,0,0,0,0,0,0,0
F1.1781,46,CLOSE,OUT,y,1,1,D,4,23/03/2015,18:51,1,1,1,1,U,U,U,0,0,0,0,0,0,0,0,1,1,0,0,1,1
F1.1781,46,ROSE,TU,TU,1,0,U,4,23/03/2015,18:51,1,0,1,0,U,U,U,0,0,0,0,0,0,0,0,1,0,0,0,1,0
F1.851,47,CLOSE,OUT,y,1,1,D,-4,11/03/2011,00:38,3,3,1,1,F,F,F,0,0,1,1,0,0,3,3,0,0,0,0,2,2
F1.851,47,ROSE,OUT,y,1,1,D,-4,11/03/2011,00:38,3,3,1,1,F,F,F,0,0,1,0,0,0,3,3,0,0,0,0,2,1
F1.811,48,CLOSE,OUT,y,1,1,D,8,11/04/2011,02:02,3,3,1,1,F,F,F,1,1,0,0,1,1,0,0,0,0,0,0,2,2
F1.811,48,ROSE,OUT,y,1,1,D,8,11/04/2011,02:02,3,3,1,1,F,F,F,1,0,0,0,1,1,0,0,0,0,0,0,2,1
F1. 274,49,CLOSE,IN,y,1,1,W,9,05/06/2014,01:42,2,2,1,1,F,F,F,1,1,1,1,0,0,0,0,0,0,0,0,2,2
F1. 274,49,ROSE,IN,y,1,1,U,9,05/06/2014,01:42,2,2,1,NA,U,U,U,1,1,1,1,0,0,0,0,0,0,0,0,2,2
F1.1762,50,CLOSE,IN,y,1,1,U,3,26/01/2015,05:41,1,1,1,1,U,U,U,0,0,0,0,0,0,0,0,0,0,0,0,0,0
F1.1762,50,ROSE,NO.TRIGGER,NO.TRIGGER,1,0,U,3,26/01/2015,05:41,1,0,1,0,U,U,U,0,0,0,0,0,0,0,0,0,0,0,0,0,0
F1.190,51,CLOSE,OUT,y,1,1,D,0,28/02/2014,20:45,1,1,1,1,U,U,U,0,0,0,0,0,0,0,0,0,0,0,0,0,0
F1.190,51,ROSE,TU,TU,1,0,U,0,28/02/2014,20:45,1,0,1,0,U,U,U,0,0,0,0,0,0,0,0,0,0,0,0,0,0
F1.767,52,CLOSE,TU,TU,1,0,U,8,04/05/2011,20:40,1,0,1,0,U,U,U,0,0,0,0,0,0,0,0,0,0,0,0,0,0
F1.767,52,ROSE,OUT,y,1,1,U,8,04/05/2011,20:40,1,1,1,1,U,U,U,0,0,0,0,0,0,0,0,0,0,0,0,0,0
F1.231,53,CLOSE,NO.TRIGGER,NO.TRIGGER,1,0,U,1,22/03/2014,00:32,1,0,1,0,U,U,U,1,0,0,0,0,0,0,0,0,0,0,0,1,0
F1.231,53,ROSE,IN,y,1,1,W,1,22/03/2014,00:32,1,1,1,1,U,U,U,1,1,0,0,0,0,0,0,0,0,0,0,1,1
F1.145,54,CLOSE,IN,y,1,1,U,1,09/01/2014,19:51,1,1,1,1,M,M,M,0,0,0,0,0,0,0,0,0,0,0,0,0,0
F1.145,54,ROSE,IN,y,1,1,U,1,09/01/2014,19:51,1,1,1,1,M,M,M,0,0,0,0,0,0,0,0,0,0,0,0,0,0
F1.832,55,CLOSE,OUT,y,1,1,W,4,23/03/2011,23:01,3,3,1,1,F,F,F,0,0,1,1,0,0,0,0,1,1,0,0,2,2
F1.832,55,ROSE,OUT,y,1,1,U,4,23/03/2011,23:01,3,3,1,1,F,F,F,0,0,1,0,0,0,0,0,1,0,0,0,2,0
F1.606,56,ROSE,IN,y,1,1,W,0,27/03/2012,02:55,3,3,1,1,F,F,F,1,1,1,1,0,0,0,0,0,0,0,0,2,2
F1.606,56,CLOSE,IN,y,1,1,W,0,27/03/2012,02:55,3,2,1,1,F,F,F,1,0,1,0,0,0,0,0,0,0,0,0,2,0
F1.164,57,ROSE,IN,y,1,1,W,0,04/03/2013,07:16,1,1,1,1,M,M,M,0,0,0,0,0,0,0,0,0,0,0,0,0,0
F1.164,57,CLOSE,IN,y,1,1,U,0,04/03/2013,07:16,1,1,1,1,M,M,M,0,0,0,0,0,0,0,0,0,0,0,0,0,0
F1.758,58,CLOSE,OUT,y,1,1,D,9,28/04/2011,20:22,3,3,1,1,F,F,F,0,0,0,0,0,0,0,0,0,0,0,0,0,0
F1.758,58,ROSE,OUT,y,1,1,D,9,28/04/2011,20:22,3,3,1,1,F,F,F,0,0,0,0,0,0,0,0,0,0,0,0,0,0
F1.809,59,CLOSE,OUT,y,1,1,D,3,10/04/2011,02:14,3,3,1,1,F,F,F,1,1,1,1,0,0,1,1,0,0,0,0,3,3
F1.809,59,ROSE,OUT,y,1,1,U,3,10/04/2011,02:14,3,3,1,1,F,F,F,1,0,1,0,0,0,1,1,0,0,0,0,3,1
F1.716,60,CLOSE,OUT,y,1,1,W,1,19/12/2014,15:15,1,1,1,1,U,U,U,0,0,0,0,0,0,0,0,0,0,0,0,0,0
F1.716,60,ROSE,TU,TU,1,0,U,1,19/12/2014,15:15,1,0,1,0,U,U,U,0,0,0,0,0,0,0,0,0,0,0,0,0,0
F1.37,61,CLOSE,IN,y,1,1,W,1,08/04/2014,03:29,2,1,1,1,FJ,FJ,FJ,1,1,0,0,0,0,0,0,0,0,0,0,1,1
F1.37,61,ROSE,IN,y,1,1,W,1,08/04/2014,03:29,2,2,1,1,FJ,FJ,U,1,0,0,0,0,0,0,0,0,0,0,0,1,0
F1.764,62,CLOSE,IN,y,1,1,W,-3,03/05/2011,05:21,3,3,1,1,F,F,F,0,0,0,0,0,0,0,0,0,0,0,0,0,0
F1.764,62,ROSE,IN,y,1,1,U,-3,03/05/2011,05:21,3,2,1,NA,F,F,U,0,0,0,0,0,0,0,0,0,0,0,0,0,0
F1.169,63,CLOSE,OUT,y,1,1,D,3,04/03/2014,19:33,1,1,1,1,U,U,U,0,0,0,0,0,0,0,0,0,0,0,0,0,0
F1.169,63,ROSE,OUT,y,1,1,U,3,04/03/2014,19:33,1,1,1,1,U,U,U,0,0,0,0,0,0,0,0,0,0,0,0,0,0
F1.1667,64,CLOSE,OUT,y,1,1,D,1,05/03/2013,18:18,3,3,1,1,F,F,F,0,0,0,0,0,0,0,0,0,0,0,0,0,0
F1.1667,64,ROSE,OUT,y,1,1,D,1,05/03/2013,18:18,3,3,1,0,F,F,U,0,0,0,0,0,0,0,0,0,0,0,0,0,0
F1.322,65,CLOSE,TU,TU,1,0,U,6,05/01/2014,19:47,1,0,1,0,U,U,U,0,0,0,0,0,0,0,0,0,0,0,0,0,0
F1.322,65,ROSE,IN,y,1,1,U,6,05/01/2014,19:47,1,1,1,1,U,U,U,0,0,0,0,1,0,0,0,0,0,0,0,1,0
F1.778,66,CLOSE,IN.ENTRANCE,y,1,1,D,1,18/04/2011,00:10,3,3,1,1,F,F,F,0,0,1,1,0,0,1,1,0,0,0,0,2,2
F1.778,66,ROSE,IN.ENTRANCE,y,1,1,U,1,18/04/2011,00:10,3,3,1,1,F,F,F,0,0,1,1,0,0,1,1,0,0,0,0,2,2
F1.1919,67,CLOSE,IN.OUT,y,1,1,U,3,08/08/2015,04:30,1,1,1,1,U,U,U,0,0,0,0,0,0,0,0,0,0,0,0,0,0
F1.1919,67,ROSE,IN.OUT,y,1,1,U,3,08/08/2015,04:30,1,1,1,1,U,U,U,0,0,0,0,0,0,0,0,0,0,0,0,0,0
F1.622,68,CLOSE,BEDDING,y,1,1,D,4,29/04/2012,20:08,1,1,1,1,U,U,U,0,0,1,1,1,1,0,0,0,0,0,0,2,2
F1.622,68,ROSE,TU,TU,1,0,U,4,29/04/2012,20:08,1,0,1,0,U,U,U,0,0,1,0,1,0,0,0,0,0,0,0,2,0
F1.590,69,CLOSE,IN.OUT,y,1,1,U,1,15/03/2012,02:17,1,1,1,1,U,U,U,0,0,1,1,0,0,0,0,0,0,1,1,2,2
F1.590,69,ROSE,TU,TU,1,0,U,1,15/03/2012,02:17,1,0,1,0,U,U,U,0,0,1,0,0,0,0,0,0,0,1,0,2,0
F1.51,70,CLOSE,IN,y,1,1,U,8,30/10/2014,19:06,1,1,1,1,U,U,U,0,0,0,0,0,0,0,0,0,0,0,0,0,0
F1.51,70,ROSE,TU,TU,1,0,U,8,30/10/2014,19:06,1,0,1,0,U,U,U,0,0,0,0,0,0,0,0,0,0,0,0,0,0
F1.1791,71,CLOSE,IN,y,1,1,U,0,04/04/2015,06:30,1,1,1,1,U,U,U,0,0,0,0,0,0,0,0,0,0,0,0,0,0
F1.1791,71,ROSE,NO.TRIGGER,NO.TRIGGER,1,0,U,0,04/04/2015,06:30,1,0,1,0,U,U,U,0,0,0,0,0,0,0,0,0,0,0,0,0,0
F1.616,72,CLOSE,IN,y,1,1,W,3,19/04/2012,04:25,3,3,1,1,F,F,F,1,1,0,0,0,0,0,0,0,0,0,0,1,1
F1.616,72,ROSE,IN,y,1,1,U,3,19/04/2012,04:25,3,3,1,1,F,F,F,1,1,0,0,0,0,0,0,0,0,0,0,1,1
F1.276,73,CLOSE,IN,y,1,1,W,13,07/06/2014,11:07,1,1,1,1,U,U,U,0,0,0,0,0,0,0,0,0,0,0,0,0,0
F1.276,73,ROSE,NO.TRIGGER,NO.TRIGGER,1,0,U,13,07/06/2014,11:07,1,0,1,0,U,U,U,0,0,0,0,0,0,0,0,0,0,0,0,0,0
F1.819,74,CLOSE,OUT,y,1,1,U,-4,19/03/2011,03:25,3,1,1,1,U,U,U,0,0,1,1,1,0,0,0,0,0,0,0,2,1
F1.819,74,ROSE,BEDDING,y,1,1,U,-4,19/03/2011,03:25,3,3,1,1,U,U,U,0,0,1,0,1,1,0,0,0,0,0,0,2,1
F1.462,75,CLOSE,IN,y,1,1,U,0,12/01/2013,00:54,1,1,1,1,U,U,U,1,1,0,0,0,0,0,0,0,0,0,0,1,1
F1.462,75,ROSE,IN,y,1,1,U,0,12/01/2013,00:54,1,1,1,1,U,U,U,1,1,0,0,0,0,0,0,0,0,0,0,1,1
F1.210,76,CLOSE,IN,y,1,1,W,3,13/03/2014,05:24,1,1,1,1,U,U,U,0,0,0,0,0,0,0,0,0,0,0,0,0,0
F1.210,76,ROSE,IN,y,1,1,U,3,13/03/2014,05:24,1,1,1,1,U,U,U,0,0,0,0,0,0,0,0,0,0,0,0,0,0
F1.1969,77,CLOSE,TU,TU,1,0,U,12,06/09/2015,17:49,1,0,1,0,U,U,U,0,0,0,0,0,0,0,0,0,0,0,0,0,0
F1.1969,77,ROSE,IN,y,1,1,U,12,06/09/2015,17:49,1,1,1,1,U,U,U,0,0,0,0,0,0,0,0,0,0,0,0,0,0
F1.1724,78,CLOSE,OUT,y,1,1,U,6,17/11/2014,05:46,1,1,1,1,U,U,U,0,0,0,0,0,0,0,0,0,0,0,0,0,0
F1.1724,78,ROSE,TU,TU,1,0,U,6,17/11/2014,05:46,1,0,1,0,U,U,U,0,0,0,0,0,0,0,0,0,0,0,0,0,0
F1.683,79,CLOSE,IN,y,1,1,U,6,02/10/2012,05:40,1,1,1,1,U,U,U,0,0,0,0,0,0,0,0,0,0,0,0,0,0
F1.683,79,ROSE,IN,y,1,1,W,6,02/10/2012,05:40,1,1,1,1,U,U,U,0,0,0,0,0,0,0,0,0,0,0,0,0,0
F1.165,80,CLOSE,OUT,y,1,1,W,4,06/03/2014,00:13,1,1,1,1,U,U,U,0,0,0,0,0,0,0,0,0,0,0,0,0,0
F1.165,80,ROSE,OUT,y,1,1,U,4,06/03/2014,00:13,1,1,1,1,U,U,U,0,0,0,0,0,0,0,0,0,0,0,0,0,0
F1.839,81,CLOSE,IN,y,1,1,W,-3,07/03/2011,05:29,3,3,1,1,F,F,F,0,0,0,0,0,0,0,0,0,0,0,0,0,0
F1.839,81,ROSE,IN,y,1,1,U,-3,07/03/2011,05:29,3,3,1,1,F,F,F,0,0,0,0,0,0,0,0,0,0,0,0,0,0
F1.260,82,CLOSE,IN,y,1,1,W,1,20/02/2014,19:14,1,1,1,1,U,U,U,0,0,1,1,0,0,0,0,0,0,0,0,1,1
F1.260,82,ROSE,IN,y,1,1,U,1,20/02/2014,19:14,1,1,1,1,U,U,U,0,0,1,1,0,0,0,0,0,0,0,0,1,1
F1.1689,83,CLOSE,BEDDING,y,1,1,D,-2,04/02/2015,17:33,1,1,1,1,U,U,U,0,0,0,0,1,1,0,0,0,0,0,0,1,1
F1.1689,83,ROSE,TU,TU,1,0,U,-2,04/02/2015,17:33,1,0,1,0,U,U,U,0,0,0,0,1,0,0,0,0,0,0,0,1,0
F1.1662,84,CLOSE,IN.OUT,y,1,1,D,3,02/03/2013,18:57,3,3,1,1,U,U,U,1,1,1,1,0,0,0,0,0,0,0,0,2,2
F1.1662,84,ROSE,OUT,y,1,1,D,3,02/03/2013,18:57,3,3,1,1,U,U,U,1,0,1,0,0,0,0,0,0,0,0,0,2,0
F1.1727,85,CLOSE,OUT,y,1,1,U,3,21/11/2014,06:06,1,1,1,1,U,U,U,0,0,0,0,0,0,0,0,0,0,0,0,0,0
F1.1727,85,ROSE,IN.OUT,y,1,1,U,3,21/11/2014,06:06,1,1,1,1,U,U,U,0,0,0,0,0,0,0,0,0,0,0,0,0,0
F1.1786,86,CLOSE,OUT,y,1,1,D,4,27/03/2015,19:06,1,1,1,1,U,U,U,0,0,0,0,0,0,0,0,0,0,0,0,0,0
F1.1786,86,ROSE,NO.TRIGGER,NO.TRIGGER,1,0,U,4,27/03/2015,19:06,1,0,1,0,U,U,U,0,0,0,0,0,0,0,0,0,0,0,0,0,0
F1.1967,87,CLOSE,IN.OUT,y,1,1,U,5,06/09/2015,22:49,1,1,1,1,U,U,U,0,0,1,1,0,0,0,0,0,0,0,0,1,1
F1.1967,87,ROSE,IN.OUT,y,1,1,U,5,06/09/2015,22:49,1,1,1,1,U,U,U,0,0,1,1,0,0,0,0,0,0,0,0,1,1
F1.1954,88,CLOSE,IN,y,1,1,U,0,02/03/2015,02:29,1,1,1,1,U,U,U,1,1,0,0,0,0,0,0,0,0,0,0,1,1
F1.1954,88,ROSE,NO.TRIGGER,NO.TRIGGER,1,0,U,0,02/03/2015,02:29,1,0,1,0,U,U,U,1,0,0,0,0,0,0,0,0,0,0,0,1,0
F1.318,89,CLOSE,OUT,y,1,1,D,5,30/12/2013,05:16,1,1,1,1,U,U,U,0,0,0,0,0,0,0,0,0,0,0,0,0,0
F1.318,89,ROSE,TU,TU,1,0,U,5,30/12/2013,05:16,1,0,1,0,U,U,U,0,0,0,0,0,0,0,0,0,0,0,0,0,0
F1.30,90,CLOSE,OUT,y,1,1,U,9,06/04/2014,04:56,1,1,1,1,U,U,U,0,0,1,1,0,0,0,0,0,0,0,0,1,1
F1.30,90,ROSE,OUT,y,1,1,U,9,06/04/2014,04:56,1,1,1,1,U,U,U,0,0,1,1,0,0,0,0,0,0,0,0,1,1
F1.345,91,CLOSE,IN,y,1,1,W,3,15/12/2013,10:04,1,1,1,1,U,U,U,1,1,0,0,0,0,0,0,0,0,0,0,1,1
F1.345,91,ROSE,NO.TRIGGER,NO.TRIGGER,1,0,U,3,15/12/2013,10:04,1,0,1,0,U,U,U,1,0,0,0,0,0,0,0,0,0,0,0,1,0
F1.351,92,CLOSE,IN,y,1,1,U,-3,18/11/2013,21:25,1,1,1,1,FJ,FJ,FJ,1,0,0,0,0,0,0,0,0,0,0,0,1,0
F1.351,92,ROSE,IN,y,1,1,W,-3,18/11/2013,21:25,1,1,1,1,FJ,FJ,U,1,1,0,0,0,0,0,0,0,0,0,0,1,1
F1.145,93,CLOSE,IN,y,1,1,U,1,09/01/2014,15:51,1,1,1,1,M,M,M,0,0,0,0,0,0,0,0,0,0,0,0,0,0
F1.145,93,ROSE,IN,y,1,1,U,1,09/01/2014,15:51,1,1,1,1,M,M,M,0,0,0,0,0,0,0,0,0,0,0,0,0,0
F1.626,94,CLOSE,OUT,y,1,1,D,5,04/05/2012,19:47,1,1,1,1,U,U,U,0,0,0,0,0,0,0,0,13,13,0,0,1,1
F1.626,94,ROSE,OUT,y,1,1,D,5,04/05/2012,19:47,1,1,1,1,U,U,U,0,0,0,0,0,0,0,0,13,0,0,0,1,0
F1.499,95,CLOSE,IN.ENTRANCE,y,1,1,D,4,08/02/2013,18:20,2,2,1,1,F,F,F,0,0,1,1,0,0,0,0,0,0,0,0,1,1
F1.499,95,ROSE,TU,TU,1,0,U,4,08/02/2013,18:20,2,0,1,0,F,F,U,0,0,1,0,0,0,0,0,0,0,0,0,1,0
F1.759,96,CLOSE,OUT,y,1,1,D,9,28/04/2011,20:22,3,3,1,1,F,F,F,0,0,0,0,0,0,0,0,0,0,0,0,0,0
F1.759,96,ROSE,OUT,y,1,1,D,9,28/04/2011,20:22,3,3,1,1,F,F,F,0,0,0,0,0,0,0,0,0,0,0,0,0,0
F1.497,97,CLOSE,NO.TRIGGER,NO.TRIGGER,1,0,U,-3,03/02/2013,05:13,1,0,1,0,U,U,U,0,0,0,0,0,0,0,0,0,0,0,0,0,0
F1.497,97,ROSE,IN,y,1,1,U,-3,03/02/2013,05:13,1,1,1,1,U,U,U,0,0,0,0,0,0,0,0,0,0,0,0,0,0
F1.193,98,CLOSE,OUT,y,1,1,U,0,01/03/2014,01:51,1,1,1,1,U,U,U,0,0,1,1,0,0,0,0,0,0,0,0,1,1
F1.193,98,ROSE,OUT,y,1,1,U,0,01/03/2014,01:51,1,1,1,1,U,U,U,0,0,1,0,0,0,0,0,0,0,0,0,1,0
F1.782,99,CLOSE,IN,y,1,1,W,4,21/04/2011,05:01,4,4,2,2,NA,MF,NA,0,0,1,1,0,0,0,0,0,0,0,0,1,1
F1.782,99,ROSE,IN,y,1,1,U,4,21/04/2011,05:01,4,2,2,2,NA,MF,U,0,0,1,0,0,0,0,0,0,0,0,0,1,0
F1.65,100,CLOSE,IN,y,1,1,U,10,09/05/2014,20:29,1,1,1,1,FJ,FJ,FJ,1,0,0,0,0,0,0,0,0,0,0,0,1,0
F1.65,100,ROSE,IN,y,1,1,U,10,09/05/2014,20:29,1,1,1,1,FJ,FJ,F,1,1,0,0,0,0,0,0,0,0,0,0,1,1
F1.129,101,CLOSE,OUT,y,1,1,U,3,06/02/2014,02:14,1,1,1,1,U,U,U,0,0,0,0,0,0,0,0,0,0,0,0,0,0
F1.129,101,ROSE,TU,TU,1,0,U,3,06/02/2014,02:14,1,0,1,0,U,U,U,0,0,0,0,0,0,0,0,0,0,0,0,0,0
F1.1746,102,CLOSE,BEDDING,y,1,1,U,8,10/01/2015,03:34,1,1,1,1,U,U,U,0,0,0,0,1,1,0,0,0,0,0,0,1,1
F1.1746,102,ROSE,BEDDING,y,1,1,U,8,10/01/2015,03:34,1,1,1,1,U,U,U,0,0,0,0,1,1,0,0,0,0,0,0,1,1
F1.828,103,CLOSE,OUT,y,1,1,W,5,23/03/2011,23:01,3,3,1,1,F,F,F,0,0,1,1,0,0,0,0,0,0,0,0,1,1
F1.828,103,ROSE,OUT,y,1,1,U,5,23/03/2011,23:01,3,3,1,1,F,F,F,0,0,1,0,0,0,0,0,0,0,0,0,1,0
F1.430,104,CLOSE,IN,y,1,1,W,-2,19/04/2013,04:58,3,3,1,1,F,F,F,0,0,0,0,0,0,0,0,0,0,0,0,0,0
F1.430,104,ROSE,IN,y,1,1,W,-2,19/04/2013,04:58,3,3,1,1,F,F,F,0,0,0,0,0,0,0,0,0,0,0,0,0,0
F1.624,105,CLOSE,IN,y,1,1,U,4,01/05/2012,03:38,2,2,1,1,F,F,F,0,0,0,0,0,0,0,0,0,0,0,0,0,0
F1.624,105,ROSE,IN,y,1,1,U,4,01/05/2012,03:38,2,2,1,1,F,F,F,0,0,0,0,0,0,0,0,0,0,0,0,0,0
F1.262,106,CLOSE,IN,y,1,1,D,0,20/02/2014,20:06,1,1,1,1,U,U,U,0,0,0,0,0,0,0,0,0,0,0,0,0,0
F1.262,106,ROSE,IN,y,1,1,D,0,20/02/2014,20:06,1,1,1,1,U,U,U,0,0,0,0,0,0,0,0,0,0,0,0,0,0
F1.102,107,CLOSE,OUT,y,1,1,D,6,12/04/2014,19:25,3,3,1,1,F,F,F,1,1,1,1,0,0,0,0,0,0,0,0,2,2
F1.102,107,ROSE,OUT,y,1,1,D,6,12/04/2014,19:25,3,1,1,1,F,F,U,1,0,1,0,0,0,0,0,0,0,0,0,2,0
F1.355,108,CLOSE,IN,y,1,1,U,-3,19/11/2013,14:32,1,1,1,1,U,U,U,0,0,0,0,0,0,0,0,0,0,0,0,0,0
F1.355,108,ROSE,IN,y,1,1,W,-3,19/11/2013,14:32,1,1,1,1,U,U,U,0,0,0,0,0,0,0,0,0,0,0,0,0,0
F1.1826,109,CLOSE,OUT,y,1,1,W,3,25/04/2015,22:26,1,1,1,1,U,U,U,1,1,0,0,0,0,0,0,0,0,0,0,1,1
F1.1826,109,ROSE,TU,TU,1,0,U,3,25/04/2015,22:26,1,0,1,0,U,U,U,1,0,0,0,0,0,0,0,0,0,0,0,1,0
F1.853,110,CLOSE,TU,TU,1,0,U,0,10/03/2011,19:43,1,0,1,0,U,U,U,0,0,0,0,0,0,0,0,0,0,0,0,0,0
F1.853,110,ROSE,OUT,y,1,1,U,0,10/03/2011,19:43,1,1,1,1,U,U,U,0,0,0,0,0,0,0,0,0,0,0,0,0,0
F1.803,111,CLOSE,NO.TRIGGER,NO.TRIGGER,1,0,U,10,06/04/2011,05:05,1,0,1,0,U,U,U,1,0,1,0,0,0,0,0,0,0,0,0,2,0
F1.803,111,ROSE,IN,y,1,1,W,10,06/04/2011,05:05,1,1,1,1,U,U,U,1,1,1,1,0,0,0,0,0,0,0,0,2,2
F1.1938,112,CLOSE,IN,y,1,1,W,9,26/08/2015,01:02,1,1,1,1,U,U,U,0,0,1,1,0,0,0,0,0,0,0,0,1,1
F1.1938,112,ROSE,NO.TRIGGER,NO.TRIGGER,1,0,U,9,26/08/2015,01:02,1,0,1,0,U,U,U,0,0,1,0,0,0,0,0,0,0,0,0,1,0
F1.1923,113,CLOSE,IN,y,1,1,U,10,14/08/2015,00:02,1,1,1,1,U,U,U,0,0,0,0,0,0,0,0,0,0,0,0,0,0
F1.1923,113,ROSE,TU,TU,1,0,U,10,14/08/2015,00:02,1,0,1,0,U,U,NA,0,0,0,0,0,0,0,0,0,0,0,0,0,0
F1.144,114,CLOSE,OUT,y,1,1,U,5,08/01/2014,05:20,1,1,1,1,U,U,U,0,0,0,0,0,0,0,0,0,0,0,0,0,0
F1.144,114,ROSE,OUT,y,1,1,D,5,08/01/2014,05:20,1,1,1,1,U,U,U,0,0,0,0,0,0,0,0,0,0,0,0,0,0
F1.302,115,CLOSE,OUT,y,1,1,U,10,05/09/2014,00:54,1,1,1,1,U,U,U,0,0,0,0,0,0,0,0,0,0,0,0,0,0
F1.302,115,ROSE,OUT,y,1,1,U,10,05/09/2014,00:54,1,1,1,1,U,U,U,0,0,0,0,0,0,0,0,0,0,0,0,0,0
F1.1902,116,CLOSE,IN,y,1,1,U,10,11/07/2015,01:44,1,1,1,1,U,U,U,0,0,0,0,0,0,0,0,0,0,0,0,0,0
F1.1902,116,ROSE,NO.TRIGGER,NO.TRIGGER,1,0,U,10,11/07/2015,01:44,0,0,1,0,U,U,U,0,0,0,0,0,0,0,0,0,0,0,0,0,0
F1.1686,117,CLOSE,OUT,y,1,1,U,-3,01/02/2015,17:15,1,1,1,1,U,U,U,0,0,0,0,0,0,0,0,0,0,0,0,0,0
F1.1686,117,ROSE,TU,TU,1,0,U,-3,01/02/2015,17:15,1,0,1,0,U,U,U,0,0,0,0,0,0,0,0,0,0,0,0,0,0
F1.711,118,CLOSE,IN,y,1,1,D,0,13/12/2014,19:36,1,1,1,1,M,M,U,0,0,0,0,0,0,0,0,0,0,0,0,0,0
F1.711,118,ROSE,IN,y,1,1,U,0,13/12/2014,19:36,1,1,1,1,M,M,M,0,0,0,0,0,0,0,0,0,0,0,0,0,0
F1.613,119,CLOSE,IN,y,1,1,U,0,31/03/2012,21:51,1,1,1,1,U,U,U,0,0,1,1,0,0,0,0,0,0,0,0,1,1
F1.613,119,ROSE,IN,y,1,1,U,0,31/03/2012,21:51,1,1,1,1,U,U,U,0,0,1,1,0,0,0,0,0,0,0,0,1,1
F1.645,120,CLOSE,IN,y,1,1,W,6,01/06/2012,03:35,2,2,NA,NA,U,U,U,1,0,0,0,0,0,0,0,0,0,0,0,1,0
F1.645,120,ROSE,IN,y,1,1,W,6,01/06/2012,03:35,2,2,NA,NA,U,U,U,1,1,0,0,0,0,0,0,0,0,0,0,1,1
F1.662,121,CLOSE,IN,y,1,1,U,12,04/07/2012,07:50,1,1,1,1,U,U,U,0,0,0,0,0,0,0,0,0,0,0,0,0,0
F1.662,121,ROSE,IN,y,1,1,W,12,04/07/2012,07:50,1,1,1,1,U,U,U,0,0,0,0,0,0,0,0,0,0,0,0,0,0
F1.590,122,CLOSE,OUT,y,1,1,D,0,18/03/2012,04:09,1,1,1,1,FJ,FJ,FJ,0,0,0,0,0,0,0,0,0,0,0,0,0,0
F1.590,122,ROSE,TU,TU,1,0,U,0,18/03/2012,04:09,1,0,1,0,FJ,FJ,U,0,0,0,0,0,0,0,0,0,0,0,0,0,0
F1.518,123,CLOSE,IN,y,1,1,W,-2,18/02/2013,17:50,1,1,1,1,U,U,U,0,0,0,0,0,0,0,0,0,0,0,0,0,0
F1.518,123,ROSE,IN,y,1,1,W,-2,18/02/2013,17:50,1,1,1,1,U,U,U,0,0,0,0,0,0,0,0,0,0,0,0,0,0
F1.117,124,CLOSE,OUT,y,1,1,U,1,25/01/2014,17:17,1,1,1,1,U,U,U,0,0,0,0,0,0,0,0,0,0,0,0,0,0
F1.117,124,ROSE,TU,TU,1,0,U,1,25/01/2014,17:17,1,0,1,0,U,U,U,0,0,0,0,0,0,0,0,0,0,0,0,0,0
F1.123,125,CLOSE,OUT,y,1,1,D,1,30/01/2014,10:44,1,1,1,1,U,U,U,0,0,0,0,0,0,0,0,0,0,0,0,0,0
F1.123,125,ROSE,TU,TU,1,0,U,1,30/01/2014,10:44,1,0,1,0,U,U,U,0,0,0,0,0,0,0,0,0,0,0,0,0,0
F1.67,126,CLOSE,IN,y,1,1,U,5,10/05/2014,00:45,1,1,1,1,U,U,U,0,0,0,0,0,0,0,0,0,0,0,0,0,0
F1.67,126,ROSE,IN,y,1,1,U,5,10/05/2014,00:45,1,1,1,1,U,U,U,0,0,0,0,0,0,0,0,0,0,0,0,0,0
F1.69,127,CLOSE,IN,y,1,1,U,6,11/05/2014,22:57,2,2,NA,NA,U,U,U,0,0,0,0,0,0,0,0,0,0,0,0,0,0
F1.69,127,ROSE,IN,y,1,1,U,6,11/05/2014,22:57,2,2,NA,NA,U,U,U,0,0,0,0,0,0,0,0,0,0,0,0,0,0
F1.197,128,CLOSE,OUT,y,1,1,D,0,02/03/2014,06:34,1,1,1,1,M,M,M,0,0,0,0,0,0,0,0,0,0,0,0,0,0
F1.197,128,ROSE,TU,TU,1,0,U,0,02/03/2014,06:34,1,0,1,0,M,M,M,0,0,0,0,0,0,0,0,0,0,0,0,0,0
F1.332,129,CLOSE,OUT,y,1,1,D,0,06/12/2013,14:38,1,1,1,1,U,U,U,0,0,0,0,0,0,0,0,1,1,0,0,1,1
F1.332,129,ROSE,TU,TU,1,0,U,0,06/12/2013,14:38,1,0,1,0,U,U,U,0,0,0,0,0,0,0,0,1,0,0,0,1,0
F1.611,130,CLOSE,OUT,y,1,1,D,0,31/03/2012,22:15,3,3,1,1,F,F,F,1,1,0,0,0,0,0,0,0,0,0,0,1,1
F1.611,130,ROSE,OUT,y,1,1,U,0,31/03/2012,22:15,3,1,1,0,F,F,F,1,0,0,0,0,0,0,0,0,0,0,0,1,0
F1.814,131,CLOSE,IN,y,1,1,U,8,11/04/2011,06:57,1,1,1,1,FJ,FJ,FJ,0,0,0,0,0,0,0,0,0,0,0,0,0,0
F1.814,131,ROSE,IN,y,1,1,U,8,11/04/2011,06:57,1,1,1,1,FJ,FJ,F,0,0,0,0,0,0,0,0,0,0,0,0,0,0
F1.1701,132,CLOSE,OUT,y,1,1,U,1,16/02/2015,17:46,1,1,1,1,U,U,U,0,0,0,0,0,0,0,0,0,0,0,0,0,0
F1.1701,132,ROSE,TU,TU,1,0,U,1,16/02/2015,17:46,1,0,1,0,U,U,U,0,0,0,0,0,0,0,0,0,0,0,0,0,0
F1.2,133,CLOSE,IN,y,1,1,W,0,25/03/2014,06:15,1,1,1,1,U,U,U,0,0,0,0,0,0,0,0,0,0,0,0,0,0
F1.2,133,ROSE,IN,y,1,1,W,0,25/03/2014,06:15,1,1,1,1,U,U,U,0,0,0,0,0,0,0,0,0,0,0,0,0,0
F1.447,134,CLOSE,OUT,y,1,1,D,5,28/04/2013,18:54,1,1,1,1,U,U,U,0,0,0,0,0,0,0,0,0,0,0,0,0,0
F1.447,134,ROSE,NO.TRIGGER,NO.TRIGGER,1,0,U,5,28/04/2013,18:54,1,0,1,0,U,U,U,0,0,0,0,0,0,0,0,0,0,0,0,0,0
F1.218,135,CLOSE,OUT,y,1,1,D,8,16/03/2014,18:47,2,2,1,1,F,F,F,0,0,0,0,0,0,0,0,0,0,0,0,0,0
F1.218,135,ROSE,OUT,y,1,1,D,8,16/03/2014,18:47,2,1,1,NA,F,F,U,0,0,0,0,0,0,0,0,0,0,0,0,0,0
F1.222,136,CLOSE,TU,TU,1,0,U,4,18/03/2014,07:09,1,0,1,0,U,U,U,0,0,0,0,0,0,0,0,0,0,0,0,0,0
F1.222,136,ROSE,IN,y,1,1,W,4,18/03/2014,07:09,1,1,1,1,U,U,U,0,0,0,0,0,0,0,0,0,0,0,0,0,0
F1.335,137,CLOSE,IN,y,1,1,D,6,08/12/2013,08:51,1,1,1,1,U,U,U,1,1,0,0,0,0,0,0,0,0,0,0,1,1
F1.335,137,ROSE,NO.TRIGGER,NO.TRIGGER,1,0,U,6,08/12/2013,08:51,1,0,1,0,U,U,U,1,0,0,0,0,0,0,0,0,0,0,0,1,0
F1.442,138,CLOSE,OUT,y,1,1,D,6,25/04/2013,18:51,3,3,1,1,F,F,F,1,1,1,1,0,0,0,0,0,0,0,0,2,2
F1.442,138,ROSE,NO.TRIGGER,NO.TRIGGER,1,0,U,6,25/04/2013,18:51,3,0,1,0,F,F,U,1,0,1,0,0,0,0,0,0,0,0,0,2,0
F1.92,139,CLOSE,IN,y,1,1,U,5,03/05/2014,06:19,1,1,1,1,M,M,M,1,1,0,0,0,0,0,0,0,0,0,0,1,1
F1.92,139,ROSE,NO.TRIGGER,NO.TRIGGER,1,0,U,5,03/05/2014,06:19,1,0,1,0,M,M,U,1,0,0,0,0,0,0,0,0,0,0,0,1,0
F1.684,140,CLOSE,TU,TU,1,0,U,5,03/10/2012,05:27,1,0,1,0,U,U,U,0,0,0,0,0,0,0,0,0,0,0,0,0,0
F1.684,140,ROSE,IN,y,1,1,U,5,03/10/2012,05:27,1,1,1,1,U,U,U,0,0,0,0,0,0,0,0,0,0,0,0,0,0
F1.227,141,CLOSE,IN,y,1,1,U,8,19/03/2014,23:42,1,1,1,1,M,M,M,1,1,0,0,0,0,0,0,0,0,0,0,1,1
F1.227,141,ROSE,IN,y,1,1,W,8,19/03/2014,23:42,1,1,1,1,M,M,U,1,0,0,0,0,0,0,0,0,0,0,0,1,0
F1.309,142,CLOSE,BEDDING,y,1,1,D,1,22/12/2013,17:30,1,1,1,1,U,U,U,0,0,0,0,1,1,0,0,0,0,0,0,1,1
F1.309,142,ROSE,TU,TU,1,0,U,1,22/12/2013,17:30,1,0,1,0,U,U,U,0,0,0,0,1,0,0,0,0,0,0,0,1,0
F1.312,143,CLOSE,IN,y,1,1,D,3,24/12/2013,04:17,1,1,1,1,U,U,U,0,0,0,0,0,0,0,0,0,0,0,0,0,0
F1.312,143,ROSE,IN,y,1,1,D,3,24/12/2013,04:17,1,1,1,1,U,U,U,0,0,0,0,0,0,0,0,0,0,0,0,0,0
F1.623,144,CLOSE,BEDDING,y,1,1,D,4,29/04/2012,20:08,2,2,1,1,F,F,F,1,1,0,0,1,1,0,0,0,0,0,0,2,2
F1.623,144,ROSE,BEDDING,y,1,1,D,4,29/04/2012,20:08,2,2,1,1,F,F,F,1,1,0,0,1,1,0,0,0,0,0,0,2,2
F1.704,145,CLOSE,TU,TU,1,0,U,5,20/11/2012,18:47,1,0,1,0,U,U,U,0,0,0,0,1,0,0,0,0,0,0,0,1,0
F1.704,145,ROSE,IN,y,1,1,U,5,20/11/2012,18:47,1,1,1,1,U,U,U,0,0,0,0,0,0,0,0,0,0,0,0,0,0
F1.1768,146,CLOSE,TU,TU,1,0,U,1,16/03/2015,05:01,1,0,1,0,U,U,U,0,0,0,0,1,0,0,0,0,0,0,0,1,0
F1.1768,146,ROSE,IN,y,1,1,U,1,16/03/2015,05:01,1,1,1,1,U,U,U,0,0,0,0,0,0,0,0,0,0,0,0,0,0
F1.1795,147,CLOSE,OUT,y,1,1,D,8,07/04/2015,18:42,1,1,1,1,U,U,U,0,0,0,0,0,0,0,0,0,0,0,0,0,0
F1.1795,147,ROSE,NO.TRIGGER,NO.TRIGGER,1,0,U,8,07/04/2015,18:42,1,0,1,0,U,U,U,0,0,0,0,1,0,0,0,0,0,0,0,1,0
F1.59,148,CLOSE,IN,y,1,1,W,6,30/05/2014,00:05,1,1,1,1,U,U,U,1,1,0,0,0,0,0,0,0,0,0,0,1,1
F1.59,148,ROSE,IN,y,1,1,U,6,30/05/2014,00:05,1,1,1,1,U,U,U,1,0,0,0,0,0,0,0,0,0,0,0,1,0
F1.146,149,CLOSE,OUT,y,1,1,D,0,12/01/2014,18:21,1,1,1,1,U,U,U,0,0,0,0,0,0,0,0,0,0,0,0,0,0
F1.146,149,ROSE,OUT,y,1,1,U,0,12/01/2014,18:21,1,1,1,1,U,U,U,0,0,0,0,0,0,0,0,0,0,0,0,0,0
F1.163,150,CLOSE,OUT,y,1,1,U,-4,04/03/2014,00:53,1,1,1,1,U,U,U,0,0,0,0,0,0,0,0,0,0,0,0,0,0
F1.163,150,ROSE,OUT,y,1,1,U,-4,04/03/2014,00:53,1,1,1,1,U,U,U,0,0,0,0,0,0,0,0,0,0,0,0,0,0
F1.133,151,CLOSE,OUT,y,1,1,D,-2,07/02/2014,05:16,1,1,1,1,M,M,M,0,0,0,0,0,0,0,0,0,0,0,0,0,0
F1.133,151,ROSE,TU,TU,1,0,U,-2,07/02/2014,05:16,1,0,1,0,M,M,U,0,0,0,0,0,0,0,0,0,0,0,0,0,0
F1.444,152,CLOSE,IN,y,1,1,W,-2,26/04/2013,01:13,1,1,1,1,U,U,U,0,0,0,0,0,0,0,0,0,0,0,0,0,0
F1.444,152,ROSE,IN,y,1,1,U,-2,26/04/2013,01:13,1,1,1,1,U,U,U,0,0,0,0,0,0,0,0,0,0,0,0,0,0
F1.473,153,CLOSE,OUT,y,1,1,D,-3,22/01/2013,22:27,3,3,1,1,F,F,F,1,1,0,0,0,0,1,0,0,0,0,0,2,1
F1.473,153,ROSE,OUT,y,1,1,D,-3,22/01/2013,22:27,3,3,1,1,F,F,F,1,1,0,0,0,0,1,1,0,0,0,0,2,2
F1.485,154,CLOSE,PLAY,y,1,1,D,0,26/01/2013,10:11,2,2,0,0,U,U,U,0,0,0,0,0,0,7,7,0,0,0,0,1,1
F1.485,154,ROSE,NO.TRIGGER,NO.TRIGGER,1,0,U,0,26/01/2013,10:11,2,0,0,0,U,U,U,0,0,0,0,0,0,7,0,0,0,0,0,1,0
F1.425,155,CLOSE,OUT,y,1,1,D,4,18/04/2013,19:20,3,3,1,1,F,F,F,1,1,1,1,0,0,0,0,0,0,0,0,2,2
F1.425,155,ROSE,OUT,y,1,1,D,4,18/04/2013,19:20,3,2,1,NA,U,U,U,1,1,0,0,0,0,0,0,0,0,0,0,1,1
F1.491,156,CLOSE,OUT,y,1,1,D,0,27/01/2013,22:20,1,1,1,1,U,U,U,0,0,0,0,0,0,0,0,0,0,0,0,0,0
F1.491,156,ROSE,TU,TU,1,0,U,0,27/01/2013,22:20,1,0,1,0,U,U,U,0,0,0,0,0,0,0,0,0,0,0,0,0,0
F1.515,157,CLOSE,OUT,y,1,1,D,0,19/02/2013,18:54,3,3,1,1,F,F,F,0,0,0,0,0,0,1,0,0,0,0,0,1,0
F1.515,157,ROSE,OUT,y,1,1,U,0,19/02/2013,18:54,3,3,1,1,F,F,F,0,0,0,0,0,0,1,1,0,0,0,0,1,1
F1.855,158,CLOSE,IN,y,1,1,W,-4,11/03/2011,06:14,3,2,1,NA,U,U,U,0,0,0,0,0,0,0,0,0,0,0,0,0,0
F1.855,158,ROSE,IN,y,1,1,U,-4,11/03/2011,06:14,3,3,1,NA,U,U,U,0,0,0,0,0,0,0,0,0,0,0,0,0,0
F1.730,159,CLOSE,OUT,y,1,1,U,1,09/12/2012,17:28,1,1,1,1,U,U,U,0,0,0,0,0,0,0,0,0,0,0,0,0,0
F1.730,159,ROSE,TU,TU,1,0,U,1,09/12/2012,17:28,1,0,1,0,U,U,U,0,0,0,0,0,0,0,0,0,0,0,0,0,0
F1.692,160,CLOSE,TU,TU,1,0,U,5,23/10/2012,01:42,1,0,1,0,U,U,U,0,0,0,0,0,0,0,0,0,0,0,0,0,0
F1.692,160,ROSE,IN,y,1,1,U,5,23/10/2012,01:42,1,1,1,1,U,U,U,0,0,0,0,0,0,0,0,0,0,0,0,0,0
F1.1704,161,CLOSE,OUT,y,1,1,D,0,20/02/2015,18:13,1,1,1,1,U,U,U,0,0,0,0,0,0,0,0,0,0,0,0,0,0
F1.1704,161,ROSE,NO.TRIGGER,NO.TRIGGER,1,0,U,0,20/02/2015,18:13,1,0,1,0,U,U,U,0,0,0,0,0,0,0,0,0,0,0,0,0,0
F1.1743,162,CLOSE,NO.TRIGGER,NO.TRIGGER,1,0,U,3,07/01/2015,06:27,1,0,1,0,U,U,U,0,0,0,0,0,0,0,0,0,0,0,0,0,0
F1.1743,162,ROSE,IN,y,1,1,W,3,07/01/2015,06:27,1,1,1,1,U,U,U,0,0,0,0,0,0,0,0,0,0,0,0,0,0
F1.502,163,CLOSE,OUT,y,1,1,W,0,08/02/2013,07:32,1,1,1,1,U,U,U,0,0,0,0,0,0,0,0,0,0,0,0,0,0
F1.502,163,ROSE,OUT,y,1,1,U,0,08/02/2013,07:32,1,1,1,1,U,U,U,0,0,0,0,0,0,0,0,0,0,0,0,0,0
F1.1731,164,CLOSE,IN.OUT,y,1,1,U,4,27/11/2014,05:27,1,1,1,1,U,U,U,0,0,0,0,0,0,0,0,0,0,0,0,0,0
F1.1731,164,ROSE,IN.OUT,y,1,1,U,4,27/11/2014,05:27,1,1,1,1,U,U,U,0,0,0,0,0,0,0,0,0,0,0,0,0,0
F1.24,165,CLOSE,OUT,y,1,1,D,3,02/04/2014,19:15,1,1,1,1,U,U,U,0,0,0,0,0,0,0,0,0,0,0,0,0,0
F1.24,165,ROSE,TU,TU,1,0,U,3,02/04/2014,19:15,1,0,1,0,U,U,U,0,0,0,0,0,0,0,0,0,0,0,0,0,0
F1.230,166,CLOSE,NO.TRIGGER,NO.TRIGGER,1,0,U,4,20/03/2014,18:26,1,0,1,0,U,U,U,1,0,0,0,0,0,0,0,0,0,0,0,1,0
F1.230,166,ROSE,IN,y,1,1,W,4,20/03/2014,18:26,1,1,1,1,U,U,U,1,1,0,0,0,0,0,0,0,0,0,0,1,1
F1.496,167,CLOSE,IN,y,1,1,U,-3,02/02/2013,08:40,3,1,1,NA,U,U,U,0,0,0,0,0,0,0,0,0,0,0,0,0,0
F1.496,167,ROSE,IN,y,1,1,W,-3,02/02/2013,08:40,3,3,1,1,U,U,U,0,0,0,0,0,0,0,0,0,0,0,0,0,0
F1.7,168,CLOSE,OUT,y,1,1,W,-4,26/03/2014,05:51,2,2,NA,NA,U,U,U,0,0,1,1,0,0,0,0,0,0,0,0,1,1
F1.7,168,ROSE,OUT,y,1,1,W,-4,26/03/2014,05:51,2,2,NA,NA,U,U,U,0,0,1,1,0,0,0,0,0,0,0,0,1,1
F1.316,169,CLOSE,OUT,y,1,1,W,3,28/12/2013,09:12,1,1,1,1,U,U,U,0,0,0,0,0,0,0,0,0,0,0,0,0,0
F1.316,169,ROSE,TU,TU,1,0,U,3,28/12/2013,09:12,1,0,1,0,U,U,U,0,0,0,0,0,0,0,0,0,0,0,0,0,0
F1.620,170,CLOSE,OUT,y,1,1,D,5,23/04/2012,18:43,1,1,1,1,U,U,U,0,0,0,0,0,0,0,0,0,0,0,0,0,0
F1.620,170,ROSE,NO.TRIGGER,NO.TRIGGER,1,0,U,5,23/04/2012,18:43,1,0,1,0,U,U,U,0,0,0,0,0,0,0,0,0,0,0,0,0,0
F1.883,171,CLOSE,OUT,y,1,1,D,1,03/03/2011,19:55,1,1,1,1,U,U,U,0,0,1,1,0,0,0,0,0,0,0,0,1,1
F1.883,171,ROSE,OUT,y,1,1,D,1,03/03/2011,19:55,1,1,1,1,U,U,U,0,0,1,0,0,0,0,0,0,0,0,0,1,0
F1.744,172,CLOSE,IN,y,1,1,W,3,25/12/2012,14:18,1,1,1,1,U,U,U,1,1,0,0,0,0,0,0,0,0,0,0,1,1
F1.744,172,ROSE,IN,y,1,1,W,3,25/12/2012,14:18,1,1,1,1,U,U,U,1,0,0,0,0,0,0,0,0,0,0,0,1,0
F1.726,173,CLOSE,OUT,y,1,1,D,-6,29/12/2014,00:11,1,1,1,1,U,U,U,0,0,0,0,0,0,0,0,0,0,0,0,0,0
F1.726,173,ROSE,TU,TU,1,0,U,-6,29/12/2014,00:11,1,0,1,0,U,U,U,0,0,0,0,0,0,0,0,0,0,0,0,0,0
F1.838,174,CLOSE,IN,y,1,1,U,-2,06/03/2011,06:44,1,1,1,1,U,U,U,0,0,0,0,0,0,0,0,0,0,0,0,0,0
F1.838,174,ROSE,IN,y,1,1,U,-2,06/03/2011,06:44,1,1,1,1,U,U,U,0,0,0,0,0,0,0,0,0,0,0,0,0,0
F1.1964,175,CLOSE,OUT,y,1,1,D,3,08/03/2015,18:29,1,1,1,1,U,U,U,0,0,0,0,0,0,0,0,0,0,0,0,0,0
F1.1964,175,ROSE,TU,TU,1,0,U,3,08/03/2015,18:29,1,0,1,0,U,U,U,0,0,0,0,0,0,0,0,0,0,0,0,0,0
F1.721,176,CLOSE,OUT,y,1,1,W,0,27/12/2014,06:49,1,1,1,1,U,U,U,0,0,0,0,0,0,0,0,0,0,0,0,0,0
F1.721,176,ROSE,TU,TU,1,0,U,0,27/12/2014,06:49,1,0,1,0,U,U,U,0,0,0,0,0,0,0,0,0,0,0,0,0,0
F1.1765,177,CLOSE,IN,y,1,1,U,1,14/03/2015,05:47,1,1,1,1,U,U,U,0,0,0,0,0,0,0,0,0,0,0,0,0,0
F1.1765,177,ROSE,IN,y,1,1,U,1,14/03/2015,05:47,1,1,1,1,U,U,U,0,0,0,0,0,0,0,0,0,0,0,0,0,0
F1.1764,178,CLOSE,IN,y,1,1,U,1,14/03/2015,05:01,1,1,1,1,M,M,U,0,0,0,0,0,0,0,0,0,0,0,0,0,0
F1.1764,178,ROSE,IN,y,1,1,U,1,14/03/2015,05:01,1,1,1,1,M,M,M,0,0,0,0,0,0,0,0,0,0,0,0,0,0
F1.78,179,CLOSE,IN,y,1,1,W,9,17/05/2014,04:01,1,1,1,1,U,U,U,1,1,0,0,0,0,0,0,0,0,0,0,1,1
F1.78,179,ROSE,IN,y,1,1,U,9,17/05/2014,04:01,1,1,1,1,U,U,U,1,1,0,0,0,0,0,0,0,0,0,0,1,1
F1.126,180,CLOSE,TU,TU,1,0,U,5,03/02/2014,23:56,1,0,1,0,U,U,U,0,0,0,0,0,0,0,0,0,0,0,0,0,0
F1.126,180,ROSE,IN,y,1,1,U,5,03/02/2014,23:56,1,1,1,1,U,U,U,0,0,0,0,0,0,0,0,0,0,0,0,0,0
F1.154,181,CLOSE,OUT,y,1,1,D,3,19/01/2014,17:21,1,1,1,1,M,M,M,0,0,0,0,0,0,0,0,0,0,0,0,0,0
F1.154,181,ROSE,TU,TU,1,0,U,3,19/01/2014,17:21,1,0,1,0,M,M,U,0,0,0,0,0,0,0,0,0,0,0,0,0,0
F1.364,182,CLOSE,IN,y,1,1,U,0,06/11/2013,04:03,1,1,1,1,U,U,U,0,0,0,0,0,0,0,0,0,0,0,0,0,0
F1.364,182,ROSE,NO.TRIGGER,NO.TRIGGER,1,0,U,0,06/11/2013,04:03,1,0,1,0,U,U,U,0,0,0,0,0,0,0,0,0,0,0,0,0,0
F1.513,183,CLOSE,IN,y,1,1,W,-6,19/02/2013,06:33,1,1,1,1,U,U,U,0,0,0,0,0,0,0,0,0,0,1,1,1,1
F1.513,183,ROSE,IN,y,1,1,U,-6,19/02/2013,06:33,1,1,1,1,U,U,U,0,0,0,0,0,0,0,0,0,0,1,1,1,1
F1.508,184,CLOSE,IN,y,1,1,D,-4,16/02/2013,06:37,3,3,1,1,F,F,F,0,0,0,0,0,0,1,0,0,0,0,0,1,0
F1.508,184,ROSE,PLAY,y,1,1,U,-4,16/02/2013,06:37,3,2,1,1,F,F,U,0,0,0,0,0,0,1,1,0,0,0,0,1,1
F1.578,185,CLOSE,IN,y,1,1,W,-3,19/02/2012,05:21,1,1,1,1,U,U,U,0,0,0,0,0,0,0,0,0,0,0,0,0,0
F1.578,185,ROSE,IN,y,1,1,W,-3,19/02/2012,05:21,1,1,1,1,U,U,U,0,0,0,0,0,0,0,0,0,0,0,0,0,0
F1.681,186,CLOSE,IN,y,1,0,U,6,01/10/2012,05:44,1,0,1,0,U,U,U,0,0,0,0,0,0,0,0,0,0,0,0,0,0
F1.681,186,ROSE,IN,y,1,1,U,6,01/10/2012,05:44,1,1,1,1,U,U,U,0,0,0,0,0,0,0,0,0,0,0,0,0,0
F1.819,187,CLOSE,TU,TU,1,0,U,-6,19/03/2011,02:17,1,0,1,0,U,U,U,0,0,0,0,0,0,0,0,0,0,0,0,0,0
F1.819,187,ROSE,IN,y,1,1,U,-6,19/03/2011,02:17,1,1,1,1,U,U,U,0,0,0,0,0,0,0,0,0,0,0,0,0,0
F1.1920,189,CLOSE,IN,y,1,1,U,9,11/08/2015,02:12,1,1,1,1,U,U,U,0,0,0,0,0,0,0,0,0,0,0,0,0,0
F1.1920,189,ROSE,TU,TU,1,0,U,9,11/08/2015,02:12,1,0,1,0,U,U,U,0,0,0,0,0,0,0,0,0,0,0,0,0,0
F1.471,190,CLOSE,VOCAL.ONLY,y,1,1,U,0,22/01/2013,10:27,2,0,2,0,U,U,U,0,0,1,1,0,0,0,0,0,0,0,0,1,1
F1.471,190,ROSE,IN,y,1,1,U,0,22/01/2013,10:27,2,2,NA,NA,U,U,U,0,0,1,0,0,0,0,0,0,0,0,0,1,0
F1.809,191,CLOSE,IN,y,1,1,U,1,10/04/2011,01:21,1,1,1,1,U,U,U,0,0,0,0,0,0,0,0,0,0,0,0,0,0
F1.809,191,ROSE,IN,y,1,1,U,1,10/04/2011,01:21,1,1,1,1,U,U,U,0,0,0,0,0,0,0,0,0,0,0,0,0,0
F1.855,192,CLOSE,TU,TU,1,0,U,0,11/03/2011,19:35,1,0,1,0,U,U,U,0,0,0,0,0,0,0,0,0,0,0,0,0,0
F1.855,192,ROSE,OUT,y,1,1,U,0,11/03/2011,19:35,1,1,1,1,U,U,U,0,0,0,0,0,0,0,0,0,0,0,0,0,0
F1.620,193,CLOSE,OUT,y,1,1,D,5,23/04/2012,18:43,2,2,1,1,F,F,F,1,1,0,0,0,0,0,0,0,0,0,0,1,1
F1.620,193,ROSE,OUT,y,1,1,D,5,23/04/2012,18:43,2,1,1,1,F,F,U,1,0,0,0,0,0,0,0,0,0,0,0,1,0
F1.848,194,CLOSE,OUT,y,1,1,D,1,10/03/2011,01:25,3,3,1,1,F,F,F,0,0,0,0,0,0,0,0,0,0,0,0,0,0
F1.848,194,ROSE,OUT,y,1,1,D,1,10/03/2011,01:25,3,3,1,1,F,F,F,0,0,0,0,0,0,0,0,0,0,0,0,0,0
F1.730,195,CLOSE,BEDDING,y,1,1,D,0,09/12/2012,17:28,1,1,1,1,U,U,U,0,0,0,0,19,19,0,0,0,0,0,0,1,1
F1.730,195,ROSE,BEDDING,y,1,1,U,0,09/12/2012,17:28,1,1,1,1,U,U,U,0,0,0,0,19,19,0,0,0,0,0,0,1,1
F1.1836,196,CLOSE,OUT,y,1,1,U,3,30/04/2015,09:09,1,1,1,1,U,U,U,0,0,0,0,0,0,0,0,0,0,0,0,0,0
F1.1836,196,ROSE,TU,TU,1,0,U,3,30/04/2015,09:09,1,0,1,0,U,U,U,0,0,0,0,0,0,0,0,0,0,0,0,0,0
F1.1826,197,CLOSE,OUT,y,1,1,W,3,25/04/2015,22:26,1,1,1,1,U,U,U,1,1,0,0,0,0,0,0,0,0,0,0,1,1
F1.1826,197,ROSE,TU,TU,1,0,U,3,25/04/2015,22:26,1,0,1,0,U,U,U,1,0,0,0,0,0,0,0,0,0,0,0,1,0
F1.1873,198,CLOSE,OUT,y,1,1,U,1,16/05/2015,20:49,1,1,1,1,U,U,U,0,0,0,0,0,0,0,0,0,0,0,0,0,0
F1.1873,198,ROSE,TU,TU,1,0,U,1,16/05/2015,20:49,1,0,1,0,U,U,U,0,0,0,0,0,0,0,0,0,0,0,0,0,0
F1.1839,199,CLOSE,OUT,y,1,1,D,5,30/04/2015,19:59,1,1,1,1,U,U,U,0,0,0,0,0,0,0,0,0,0,0,0,0,0
F1.1839,199,ROSE,TU,TU,1,0,U,5,30/04/2015,19:59,1,0,1,0,U,U,U,0,0,0,0,0,0,0,0,0,0,0,0,0,0
F1.1930,200,CLOSE,IN,y,1,1,W,16,21/08/2015,06:55,1,1,1,1,U,U,U,0,0,0,0,0,0,0,0,0,0,0,0,0,0
F1.1930,200,ROSE,TU,TU,1,0,U,16,21/08/2015,06:55,1,0,1,0,U,U,U,0,0,0,0,0,0,0,0,0,0,0,0,0,0
